Participant_ID,Archive,Total_Files,openface_combined,action_units,gaze,head_pose,facial_landmarks,face_embeddings,body_landmarks,hand_landmarks,blink,video,audio,transcript
300,300_P.tar.gz,12,1,1,1,1,0,0,0,0,0,0,1,1
301,301_P.tar.gz,12,1,1,1,1,0,0,0,0,0,0,1,1
302,302_P.tar.gz,12,1,1,1,1,0,0,0,0,0,0,1,1
303,303_P.tar.gz,12,1,1,1,1,0,0,0,0,0,0,1,1
304,304_P.tar.gz,12,1,1,1,1,0,0,0,0,0,0,1,1
305,305_P.tar.gz,12,1,1,1,1,0,0,0,0,0,0,1,1
306,306_P.tar.gz,12,1,1,1,1,0,0,0,0,0,0,1,1
307,307_P.tar.gz,12,1,1,1,1,0,0,0,0,0,0,1,1
308,308_P.tar.gz,12,1,1,1,1,0,0,0,0,0,0,1,1
309,309_P.tar.gz,12,1,1,1,1,0,0,0,0,0,0,1,1
